﻿상세주소,교통량
서울특별시 송파구 신천동 1,244332
서울특별시 마포구 한강난지로 162,238049
서울특별시 광진구 자양2동 701-1,230067
서울특별시 강동구 고덕2동 7-1,203850
서울특별시 서초구 반포동 30-23,194220
서울특별시 강남구 신사동 한남대교,188992
서울특별시 송파구 장지동 743-9,102913
서울특별시 서초구 양재동 양재육교,187760
서울특별시 신월IC,171474
서울특별시 개화IC,168550
서울특별시 마포구 망원동 성산대교,150404
서울특별시 영등포구 당산동 양화대교,142394
서울특별시 내부순환로입구,140897
경기도 구리시 아천동 390,138429
서울특별시 강남구 자곡동 46-8,137834
서울시 강남구 일원동 467-1,137139
서울특별시 서초구 양재대로 양재IC,129683
서울특별시 성수대교,128113
서울특별시 광진구 자양동 청담대교,127696
서울특별시 성동구 성수동2가 영동대교,125476
서울특별시 중랑구 용마산로139가길 16,118366
서울특별시 노원구 월계동 월계1교,117986
서울특별시 마포구 상암동 가양대교,117800
서울특별시 양천구 남부순환로,109885
서울시 성북구 장위동 65-175,108305
서울특별시 강서구 방화동 행주대교,107742
서울특별시 영등포구 양평동4가,104479
서울특별시 마포대교,103907
하남시 서하남IC,102900
서울특별시 강남구 대치2동 13-9,97696
서울특별시 송파구 잠실6동 잠실대교,96872
서울특별시 낙성대역,96252
서울특별시 반포대교,94445
서울특별시 한강대교,93107
서울특별시 영등포구 여의도동 서울교,89962
서울특별시 서초구 서초동 남부순환로,88525
서울특별시 용산구 한남동 459-5,86945
서울특별시 강동구 강일동 상일IC교,86792
서울특별시 서초구 반포동 60-2,86362
서울특별시 영등포구 여의동 58,85745
서울특별시 동작구 사당로 143,84243
서울특별시 광진구 군자동 480,83631
서울특별시 관악구 삼성동 산58-1,83404
경기도 안양시 만안구 석수동,83294
서울특별시 서초역,82973
서울시 노원구 상계동 1311-3 ,80475
서울특별시 금천구 시흥동 882-45,79212
서울특별시 송파역,75776
서울특별시 서대문구 연희동 218-1,75286
서울특별시 성동구 옥수동 동호대교,75111
서울특별시 구로디지털단지,72929
서울특별시 양천구 신월동 53-1,72757
서울특별시 종로구 사직동 사직로,70637
서울특별시 서초구 우면동 647-25,69901
서울특별시 중구 지하 101,69782
서울특별시 동작구 본동 상도터널,69640
서울특별시 상월곡역,69489
서울특별시 송파구 풍납동 천호대교,69362
서울특별시 신사역,69076
서울특별시 송파구 풍납동 올림픽대교,68782
서울특별시 역삼동 선릉역,68434
서울특별시 공릉동 화랑대역,67887
서울특별시 군자교,67793
서울특별시 산골고개,66820
서울특별시 성동구 금호4가동 용비교,66376
서울특별시 디지털미디어시티역,66189
서울특별시 남태령역,65168
서울특별시 서대문구 대신동 성산로,64560
서울특별시 중구 예장동 남산1호터널,63920
서울특별시 성동구 금호동3가 금호터널,63672
서울특별시 세곡동사거리,62667
서울특별시 송파구 장지동 600,61392
서울특별시 강남구 도곡동 매봉터널,59920
서울특별시 영등포구 당산동 113-1,59623
서울특별시 금천구 독산동 금천교,58753
서울특별시 용산구 이촌동 동작대교,58610
서울특별시 영등포구 여의도동 여의2교,58539
서울특별시 오목교역,57983
서울특별시 성북구 길음2동 877-1,57141
서울특별시 역삼동 강남역,55588
서울특별시 안국역,55353
서울특별시 영등포구 여의도동 원효대교,54803
서울특별시 중구 장충동 동호로,54133
서울특별시 중구 소공동 세종대로18길,53936
서울특별시 도봉산역,53015
서울특별시 숭인동 동묘앞,52449
서울특별시 거리공원입구,51005
서울특별시 은평구 진관동 70-26,49492
서울특별시 중랑구 신내역로3길 40-10,49302
서울특별시 발산역,49224
서울특별시 강서구 방화동 개화교,48840
서울특별시 은평구 수색동 33-6,48549
서울특별시 중구 장충동2가 장충단공원,48378
서울특별시 노원구 공릉동 조선왕릉,48189
서울특별시 오류IC,47896
서울특별시 마포구 하중동 서강대교,46184
서울특별시 구로구 궁동 작동터널,46087
서울특별시 중구 서소문동 27,46063
서울특별시 종로구 새문안로 55,45749
서울특별시 쌍문역,44897
서울특별시 중구 퇴계로 지하,44075
서울특별시 종로구 평창동 구기터널,43895
서울특별시 강남구 세곡동 134-2,43828
서울특별시 구로구 개봉동 철산2교,43356
서울특별시 종로3가 종로3가역,42628
서울특별시 종로구 평창동 산6,42455
경기도 고양시 덕양구 창릉동,40691
서울특별시 노원구 화랑로 621,39000
서울특별시 노원구 상계동 730-5,38770
서울특별시 강서구 화곡동 화곡터널,38216
서울특별시 송파구 잠실동 10,36845
서울특별시 화곡로입구,36721
서울특별시 종로구 대학로 86,35754
서울특별시 서대문구 연희동 193-1,35047
서울특별시 구로구 경인로 8,33427
서울특별시 용산구 후암동 남산3호터널,33026
서울특별시 중구 129 을지로,32305
서울특별시 금천구 시흥1동 1000-48,31826
서울특별시 중랑구 망우동 망우리공원,31477
서울특별시 종로구 자하문로 자하문터널앞,30570
서울특별시 중구 남창동 236-2,29686
경기도 광명시 일직동 산12-3,28816
서울특별시 광진구 워커힐로 177,28508
경기도 광명시 광명대교사거리,28220
서울특별시 구로구 개봉동 개봉교,25238
서울특별시 강서구 오쇠동 156-4,23627
서울특별시 서초구 반포동 잠수교,22673
서울특별시 중구 장충동2가 남산2호터널,20999
서울특별시 강동구 천호동 광진교,17336
서울특별시 관악구 신림동 난곡터널,16389
서울특별시 중구 세종대로 40,14897
서울특별시 중구 남창동 퇴계로,12169
서울특별시 종로구 성북동 삼청로,11832
경기도 시흥시 과림동 317-14,11106
서울특별시 중구 소파로2길 10,10097
