﻿상세주소,교통량
서울시 노원구 상계동 1311-3 ,80475
서울특별시 중랑구 용마산로139가길 16,118366
하남시 서하남IC,102900
서울특별시 강동구 강일동 상일IC교,86792
서울특별시 강동구 고덕2동 7-1,203850
서울특별시 서초구 양재동 양재육교,187760
서울특별시 서초구 양재대로 양재IC,129683
경기도 안양시 만안구 석수동,83294
서울특별시 신월IC,171474
서울특별시 개화IC,168550
서울특별시 마포구 한강난지로 162,238049
경기도 구리시 아천동 390,138429
서울특별시 강서구 방화동 행주대교,107742
서울특별시 마포구 상암동 가양대교,117800
서울특별시 마포구 망원동 성산대교,150404
서울특별시 영등포구 당산동 양화대교,142394
서울특별시 마포대교,103907
서울특별시 한강대교,93107
서울특별시 반포대교,94445
서울특별시 강남구 신사동 한남대교,188992
서울특별시 성동구 옥수동 동호대교,75111
서울특별시 성수대교,128113
서울특별시 성동구 성수동2가 영동대교,125476
서울특별시 광진구 자양동 청담대교,127696
서울특별시 송파구 잠실6동 잠실대교,96872
서울특별시 용산구 한남동 459-5,86945
서울특별시 광진구 군자동 480,83631
서울특별시 노원구 월계동 월계1교,117986
서울특별시 서대문구 연희동 218-1,75286
서울특별시 양천구 남부순환로,109885
서울특별시 금천구 시흥동 882-45,79212
서울특별시 영등포구 여의도동 서울교,89962
서울특별시 영등포구 여의동 58,85745
서울특별시 동작구 사당로 143,84243
서울특별시 낙성대역,96252
서울특별시 서초구 서초동 남부순환로,88525
서울특별시 서초구 반포동 60-2,86362
서울특별시 서초역,82973
서울특별시 강남구 대치2동 13-9,97696
서울특별시 송파역,75776
서울특별시 송파구 신천동 1,244332
서울특별시 광진구 자양2동 701-1,230067
서울특별시 내부순환로입구,140897
서울시 성북구 장위동 65-175,108305
서울특별시 강남구 자곡동 46-8,137834
서울특별시 서초구 반포동 30-23,194220
서울시 강남구 일원동 467-1,137139
서울특별시 관악구 삼성동 산58-1,83404
서울특별시 영등포구 양평동4가,104479
서울특별시 송파구 장지동 743-9,102913
